aggregation,smape_p50,coverage_p10_p90,avg_interval_width
weekly,80.9764811206963,60.22727272727272,20816.23409378132
daily,94.39891656579186,49.28987887759554,2296.32977157582
