model,wape,smape,mape,wmape,mae,rmse,median_ae,mape_roas,wmape_roas,mae_roas,rmse_roas,median_ae_roas
lightgbm_p50,35.8445756704926,71.94328050887215,52.377991547193616,35.8445756704926,3763.123245994969,5274.594841094081,2658.771039062594,52.37799154719362,51.554731712160226,2.912295657067393,3.7208297814118896,2.3411437276151315
lag_1,100.0,200.0,100.0,100.0,10498.445512615697,15957.419036031533,5673.120905548751,100.0,100.0,5.648939603307972,6.138687726365038,5.67290273433155
rolling_mean_4,116.781554984461,128.98378940945463,491.39902627741617,116.781554984461,12260.24791882898,17732.02954404026,7282.900257310016,164.60496546044178,104.41736961704295,5.898474145029605,6.876253318122033,5.386392594466862
seasonal_lag4_12,180.015075570236,136.88481597912633,916.1011253925876,180.015075570236,18898.784623235202,28795.47579930535,11493.557691198752,194.1172460312258,117.56178380339131,6.640994163625069,7.559985625904617,5.812543631693443
